[
  {
    "Namespace": "aws:elasticbeanstalk:application:environment",
    "OptionName": "DB_PASSWORD",
    "Value": "SBSCu5MC4Q}X"
  },
  {
    "Namespace": "aws:elasticbeanstalk:application:environment",
    "OptionName": "BACKEND_API_URL",
    "Value": "https://Winit-api-env.eba-4g9d9ycy.us-east-1.elasticbeanstalk.com"
  },
  {
    "Namespace": "aws:elasticbeanstalk:application:environment",
    "OptionName": "APP_URL",
    "Value": "https://buypower-prod.eba-s3qg2nnk.us-east-1.elasticbeanstalk.com"
  },
  {
    "Namespace": "aws:elasticbeanstalk:application:environment",
    "OptionName": "BUYPOWER_API_URL",
    "Value": "https://idev.buypower.ng/v2"
  },
  {
    "Namespace": "aws:elasticbeanstalk:application:environment",
    "OptionName": "BUYPOWER_API_KEY",
    "Value": "7883e2ec127225f478279f0cb848e3551eaaa99d484ec39cf0b77a9ccf1d9d0d"
  },
  {
    "Namespace": "aws:elasticbeanstalk:application:environment",
    "OptionName": "TERMII_API_KEY",
    "Value": "TLkkAppcpwSLWRkSpDvMZvDSHdZgMdpQcBVEblYaXXOhQALmmOIhoKCYnpNEfr"
  },
  {
    "Namespace": "aws:elasticbeanstalk:application:environment",
    "OptionName": "MAIL_HOST",
    "Value": "smtp.gmail.com"
  },
  {
    "Namespace": "aws:elasticbeanstalk:application:environment",
    "OptionName": "MAIL_USERNAME",
    "Value": "sbscukproject@gmail.com"
  },
  {
    "Namespace": "aws:elasticbeanstalk:application:environment",
    "OptionName": "MAIL_PASSWORD",
    "Value": "zsihuhyveqmbdlqv"
  }
]
