name,address,phone_number,disco,meter_number,meter_type,amount,customer_name,email
John Doe,123 Victoria Island Lagos,08000000000,EKO,12345678910,prepaid,1000.00,John Doe,john.doe@example.com
Jane Smith,456 Wuse 2 Abuja,08000000000,ABUJA,12345678910,prepaid,2500.50,Jane Smith,jane.smith@example.com
Ahmed Hassan,789 GRA Kano,08000000000,KANO,12345678910,postpaid,1500.00,Ahmed Hassan,ahmed.hassan@example.com
Mary Johnson,321 Ikeja Lagos,08000000000,IKEJA,12345678910,prepaid,3000.75,Mary Johnson,mary.johnson@example.com
David Wilson,654 Asokoro Abuja,08000000000,ABUJA,12345678910,prepaid,800.00,David Wilson,david.wilson@example.com
Sarah Brown,987 New GRA Enugu,08000000000,ENUGU,12345678910,prepaid,2200.00,Sarah Brown,sarah.brown@example.com
Michael Davis,147 Jabi Abuja,08000000000,ABUJA,12345678910,postpaid,1800.00,Michael Davis,michael.davis@example.com
Grace Okoro,258 Trans Amadi PH,08000000000,PH,12345678910,prepaid,1200.50,Grace Okoro,grace.okoro@example.com
Daniel Adebayo,369 Bodija Ibadan,08000000000,IBADAN,12345678910,prepaid,950.00,Daniel Adebayo,daniel.adebayo@example.com
Linda Okafor,741 Rayfield Jos,08000000000,JOS,12345678910,prepaid,1750.25,Linda Okafor,linda.okafor@example.com