name,address,phone_number,disco,meter_number,meter_type,amount,customer_name
Test User - VERIFIED,012 Fake Cresent Fake City,08000000000,EKO,12345678910,prepaid,1000.00,Ciroma Chukwuma Adekunle
John Doe Verified,123 Main St Lagos,08012345678,EKO,12345678910,prepaid,1000.00,John Doe
Jane Smith Test,456 Victoria Island Lagos,08000000001,IKEJA,12345678910,prepaid,1500.00,Jane Smith
Mike Johnson Test,789 Ikeja Lagos,08000000002,ABUJA,12345678910,prepaid,2000.00,
Sarah Williams Test,321 Lekki Lagos,08000000003,EKO,12345678910,prepaid,1000.00,Sarah Williams
David Brown Test,654 Gbagada Lagos,08000000004,IBADAN,12345678910,prepaid,1200.00,
Emma Wilson Test,987 Surulere Lagos,08000000005,IKEJA,12345678910,prepaid,1000.00,
Michael Davis Test,456 Yaba Lagos,08000000006,EKO,12345678910,prepaid,1500.00,
Lisa Anderson Test,321 Ikoyi Lagos,08000000007,ABUJA,12345678910,prepaid,1000.00,
James Taylor Test,654 Victoria Island Lagos,08000000008,IKEJA,12345678910,prepaid,1000.00,
